lambda,T_skim_2ml,T_half_full,T_full
360.107,110,110,110
360.278,110,110,110
360.448,209.719,415.007,342.904
360.618,110,110,110
360.789,110,110,110
360.959,87.344,557.449,533.311
361.129,394.271,393.182,930.401
361.299,110,110,110
361.47,153.991,230.082,232.109
361.64,110,110,110
361.81,110,110,110
361.981,883.989,1997.704,2740.946
362.151,474.3,1077.651,1514.697
362.321,366.188,854.832,1302.604
362.492,377.711,853.823,1356.353
362.662,220.778,487.339,729.508
362.832,195.683,481.17,726.581
363.003,221.892,585.149,854.008
363.173,225.069,732.247,1065.167
363.343,280.418,867.809,1356.322
363.514,238.122,793.826,1249.954
363.684,184.596,591.91,867.328
363.854,270.426,986.986,1480.819
364.025,205.203,810.297,1206.928
364.195,110,110,110
364.365,110,110,110
364.536,110,110,110
364.706,110,110,110
364.876,445.568,4256.544,6337.346
365.047,320.827,7684.874,12114.062
365.217,233.304,1464.528,2271.888
365.388,171.901,1060.667,1675.533
365.558,167.252,1282.148,2078.191
365.728,141.856,1106.229,1744.267
365.899,2607.694,20555.871,33429.533
366.069,108.208,772.824,1211.588
366.239,118.688,967.01,1553.401
366.41,88.418,812.757,1336.15
366.58,132.629,850.855,1389.63
366.75,120.809,773.542,1180.105
366.921,178.81,784.23,1182.065
367.091,374.5,1494.402,2257.442
367.261,110,110,110
367.432,110,110,110
367.602,110,110,110
367.773,110,110,110
367.943,110,110,110
368.113,110,110,110
368.284,110,110,110
368.454,651.308,1816.446,2614.575
368.625,387.955,978,1401.448
368.795,629.688,1579.633,2345.927
368.965,593.554,1410.663,2063.015
369.136,797.582,2030.984,3016.98
369.306,1210.132,2968.418,4302.252
369.476,1460.531,3842.974,5521.329
369.647,110,110,110
369.817,110,110,110
369.988,110,110,110
370.158,110,110,110
370.328,110,110,110
370.499,110,110,110
370.669,110,110,110
370.84,110,110,110
371.01,110,110,110
371.18,110,110,110
371.351,110,110,110
371.521,110,110,110
371.692,110,110,110
371.862,110,110,110
372.033,110,110,110
372.203,110,110,110
372.373,110,110,110
372.544,110,110,110
372.714,110,110,110
372.885,110,110,110
373.055,410.952,1348.866,2072.434
373.226,342.465,964.706,1514.563
373.396,590.823,1649.437,2638.478
373.566,452.793,1207.303,2047.672
373.737,440.811,1093.085,1928.375
373.907,1032.999,2697.243,5077.632
374.078,110,110,110
374.248,110,110,110
374.419,110,110,110
374.589,110,110,110
374.759,110,110,110
374.93,110,110,110
375.1,110,110,110
375.271,110,110,110
375.441,110,110,110
375.612,110,110,110
375.782,110,110,110
375.953,110,110,110
376.123,110,110,110
376.294,110,110,110
376.464,110,110,110
376.634,110,110,110
376.805,110,110,110
376.975,110,110,110
377.146,110,110,110
377.316,110,110,110
377.487,110,110,110
377.657,110,110,110
377.828,110,110,110
377.998,110,110,110
378.169,110,110,110
378.339,110,110,110
378.51,110,110,110
378.68,110,110,110
378.851,110,110,110
379.021,110,110,110
379.192,110,110,110
379.362,110,110,110
379.533,110,110,110
379.703,110,110,110
379.874,110,110,110
380.044,110,110,110
380.215,110,110,110
380.385,110,110,110
380.556,110,110,110
380.726,110,110,110
380.897,110,110,110
381.067,110,110,110
381.238,110,110,110
381.408,110,110,110
381.579,110,110,110
381.749,110,110,110
381.92,110,110,110
382.09,110,110,110
382.261,110,110,110
382.431,110,110,110
382.602,110,110,110
382.772,110,110,110
382.943,110,110,110
383.113,110,110,110
383.284,110,110,110
383.454,110,110,110
383.625,110,110,110
383.795,110,110,110
383.966,110,110,110
384.136,110,110,110
384.307,110,110,110
384.478,110,110,110
384.648,110,110,110
384.819,110,110,110
384.989,110,110,110
385.16,110,110,110
385.33,110,110,110
385.501,110,110,110
385.671,110,110,110
385.842,110,110,110
386.012,110,110,110
386.183,110,110,110
386.354,110,110,110
386.524,110,110,110
386.695,110,110,110
386.865,110,110,110
387.036,110,110,110
387.206,110,110,110
387.377,110,110,110
387.547,110,110,110
387.718,110,110,110
387.889,110,110,110
388.059,110,110,110
388.23,110,110,110
388.4,110,110,110
388.571,110,110,110
388.741,110,110,110
388.912,110,110,110
389.083,110,110,110
389.253,110,110,110
389.424,110,110,110
389.594,110,110,110
389.765,110,110,110
389.936,110,110,110
390.106,110,110,110
390.277,110,110,110
390.447,110,110,110
390.618,110,110,110
390.789,110,110,110
390.959,110,110,110
391.13,110,110,110
391.3,110,110,110
391.471,110,110,110
391.642,110,110,110
391.812,110,110,110
391.983,2041.776,2910.657,4485.209
392.153,522.304,752.494,1099.504
392.324,328.596,488.82,736.745
392.495,193.038,284.42,417.157
392.665,153.273,252.606,333.298
392.836,135.307,209.39,289.291
393.007,127.8,217.666,294.184
393.177,114.626,212.645,295.847
393.348,98.727,211.39,279.548
393.518,90.217,200.675,270.996
393.689,96.776,217.351,302.907
393.86,91.118,265.438,378.011
394.03,96.544,268.129,369.796
394.201,92.237,241.765,347.276
394.372,90.623,284.17,444.504
394.542,79.261,364.576,594.646
394.713,49.982,652.375,1124.851
394.883,0,894.122,1669.707
395.054,110,110,110
395.225,110,110,110
395.395,110,110,110
395.566,110,110,110
395.737,110,110,110
395.907,110,110,110
396.078,110,110,110
396.249,110,110,110
396.419,110,110,110
396.59,110,110,110
396.761,110,110,110
396.931,110,110,110
397.102,466.622,4689.879,9804.228
397.273,110,110,110
397.443,110,110,110
397.614,110,110,110
397.785,2659.507,12505.742,20590.349
397.955,131.711,631.994,967.646
398.126,208.688,821.198,1133.458
398.297,110.387,655.981,979.095
398.467,55.26,669.988,1019.931
398.638,31.905,560.67,808.266
398.809,59.766,384.849,520.622
398.979,77.481,328.057,419.994
399.15,76.522,209.121,257.61
399.321,73.247,150.504,204.426
399.491,68.455,196.87,254.489
399.662,61.021,167.803,238.31
399.833,70.143,158.697,220.125
400.003,64.436,154.285,240.76
400.174,57.268,159.182,283.024
400.345,69.8,160.865,281.789
400.515,66.586,134.764,251.422
400.686,79.864,126.768,233.207
400.857,81.082,143.683,263.985
401.028,80.036,140.285,240.463
401.198,88.873,161.723,274.707
401.369,88.433,172.971,328.06
401.54,87.409,162.245,287.379
401.71,81.893,137.632,267.037
401.881,74.495,121.119,235.96
402.052,61.858,115.337,238.185
402.223,53.173,112.417,232.067
402.393,41.985,102.389,198.401
402.564,44.125,100.063,195.498
402.735,43.906,88.743,174.075
402.905,35.805,73.846,147.555
403.076,28.641,69.912,149.732
403.247,22.161,54.803,130.355
403.418,0,40.339,132.879
403.588,0,71.99,173.531
403.759,0,74.094,194.746
403.93,0,66.034,205.736
404.1,0,51.059,197.454
404.271,0,64.587,233.385
404.442,0,60.84,175.055
404.613,20.162,72.379,155.835
404.783,33.472,70.068,146.831
404.954,28.812,79.323,163.053
405.125,27.438,81.765,170.005
405.296,17.791,74.477,216.711
405.466,0.665,66.962,226.433
405.637,36.069,80.117,174.629
405.808,42.78,78.244,175.428
405.979,47.14,78.401,151.67
406.149,49.336,86.403,149.558
406.32,41.33,77.518,141.904
406.491,34.405,69.21,140.451
406.662,35.23,61.213,136.105
406.832,24.51,52.008,120.781
407.003,6.877,35.37,129.487
407.174,0,15.66,226.199
407.345,0,0,224.92
407.515,0,0,356.142
407.686,0,0,262.802
407.857,0,0,165.201
408.028,0,0,137.37
408.198,12.181,4.43,120.02
408.369,37.714,10.508,114.577
408.54,54.33,23.242,113.904
408.711,62.715,25.73,110.336
408.882,65.626,15.604,118.58
409.052,69.219,30.717,126.914
409.223,76.413,41.326,137.038
409.394,84.319,48.555,134.243
409.565,84.373,58.875,136.124
409.735,87.088,60.48,130.67
409.906,91.212,51.621,126.439
410.077,88.363,51.948,115.276
410.248,88.419,48.5,114.941
410.419,87.32,40.397,126.736
410.589,86.11,40.952,119.007
410.76,86.414,41.27,124.041
410.931,88.142,34.594,123.459
411.102,91.198,32.985,135.692
411.273,97.093,32.552,140.588
411.443,83.157,30.405,131.007
411.614,76.419,25.48,120.318
411.785,67.098,25.305,101.842
411.956,58.184,19.488,97.145
412.127,53.698,19.172,94.775
412.297,53.587,24.393,83.671
412.468,56.179,15.216,78.934
412.639,48.723,10.134,74.674
412.81,46.854,5.196,65.72
412.981,47.038,5.915,68.007
413.151,52.968,21.751,68.736
413.322,54.875,20.969,67.952
413.493,59.97,21.367,60.743
413.664,62.043,19.492,56.25
413.835,66.579,18.724,51.886
414.006,67.716,11.652,41.416
414.176,67.495,20.464,40.539
414.347,69.592,19.038,44.257
414.518,69.635,27.383,54.267
414.689,67.552,32.678,54.649
414.86,67.957,35.579,59.972
415.031,66.844,42.852,62.058
415.201,63.741,40.451,61.234
415.372,59.804,39.782,57.549
415.543,55.003,38.903,54.911
415.714,55.517,35.495,57.112
415.885,50.014,32.149,58.87
416.056,46.778,27.588,52.821
416.226,46.16,22.12,50.875
416.397,48.442,25.14,50.917
416.568,45.687,15.043,48.57
416.739,45.119,6.01,46.186
416.91,41.717,0,33.599
417.081,41.191,0,33.298
417.252,48.695,0,43.804
417.422,51.967,0,47.066
417.593,56.966,0,41.299
417.764,60.764,0,39.24
417.935,60.795,0,45.67
418.106,62.247,0.159,43.762
418.277,64.158,14.811,46.7
418.448,60.322,13.705,46.255
418.618,53.535,12.436,43.738
418.789,50.482,11.344,42.768
418.96,44.865,5.355,36.678
419.131,44.701,3.621,33.647
419.302,40.92,0,26.533
419.473,43.161,3.897,30.258
419.644,43.48,1.392,29.8
419.815,44.749,0.933,32.184
419.985,49.371,6.87,35.51
420.156,45.613,3.268,29.815
420.327,47.641,4.118,32.175
420.498,51.31,8.746,35.075
420.669,46.112,2.701,28.393
420.84,44.97,0,25.65
421.011,43.576,0,23.317
421.182,46.765,0,31.131
421.353,50.4,0,34.579
421.523,52.396,0,30.421
421.694,52.144,0,20.022
421.865,57.055,0,24.18
422.036,55.697,0,24.962
422.207,56.507,0,22.6
422.378,56.299,0,19.316
422.549,55.033,0,17.935
422.72,57.758,0,17.07
422.891,57.799,0,20.145
423.062,57.534,0,16.046
423.233,57.912,0,16.062
423.403,57.576,0,15.364
423.574,61.308,0,22.612
423.745,62.285,2.154,26.931
423.916,65.285,5.205,30.16
424.087,68.54,9.584,35.249
424.258,65.936,6.983,33.278
424.429,70.238,12.929,37.046
424.6,68.418,12.994,37.42
424.771,62.209,6.332,32.609
424.942,66.132,5.792,35.738
425.113,65.221,4.355,33.553
425.284,65.976,2.733,33.627
425.455,66.181,0,28.82
425.626,64.495,0,24.764
425.796,63.449,0,22.206
425.967,63.241,0,20.584
426.138,62.628,0,19.316
426.309,63.866,2.138,20.393
426.48,65.866,5.556,20.02
426.651,63.309,3.23,16.029
426.822,61.79,1.268,14.455
426.993,59.337,0,10.184
427.164,56.632,0,3.287
427.335,54.961,0,0
427.506,59.104,0,3.855
427.677,59.189,0,4.137
427.848,58.069,0,3.453
428.019,59.517,0,2.418
428.19,57.363,0,0
428.361,54.346,0,0
428.532,55.893,0,0
428.703,54.383,0,0
428.874,54.543,0,0
429.045,58.722,0,0
429.216,56.697,0,0
429.387,57.804,0,0
429.558,57.682,0,0
429.729,57.54,0,0
429.899,59.083,0,0
430.07,56.67,0,0
430.241,58.453,0,2.391
430.412,57.531,0,0.834
430.583,56.692,0,0
430.754,54.319,0,0
430.925,54.715,0,0
431.096,56.242,0,0
431.267,56.094,0,0
431.438,59.357,0,0
431.609,60.576,0,2.789
431.78,59.897,0,1.403
431.951,59.366,0,2.485
432.122,57.747,0,1.07
432.293,56.309,0,0
432.464,57.988,0,0.154
432.635,60.125,0,1.657
432.806,59.51,0,0.521
432.977,59.801,0,0.18
433.148,60.256,0,0
433.319,60.046,0,0
433.49,60.027,0,0.574
433.661,59.645,0,0
433.832,58.295,0,0
434.003,55.995,0,0
434.174,52.801,0,0
434.346,52.317,0,0
434.517,49.748,0,0
434.688,49.458,0,0
434.859,51.263,0,0
435.03,50.705,0,0
435.201,53.271,0,0
435.372,54.565,0,0
435.543,54.91,0,0
435.714,53.465,0,0
435.885,53.489,0,0
436.056,52.084,0,0
436.227,52.445,0,0
436.398,54.826,0,0
436.569,56.404,0,0
436.74,57.372,0,0
436.911,58.154,0,0
437.082,59.815,0,0
437.253,61.849,0,0
437.424,63.231,0,0
437.595,62.969,0,0
437.766,62.71,0,0
437.937,61.89,0,0
438.108,59.909,0,0
438.279,58.255,0,0
438.451,58.53,0,0
438.622,58.462,0,0
438.793,58.514,0,0
438.964,57.604,0,0
439.135,56.124,0,0
439.306,56.896,0,0
439.477,55.972,0,0
439.648,55.357,0,0
439.819,55.511,0,0
439.99,54.78,0,0
440.161,56.033,0,0
440.332,58.333,0,0
440.503,59.012,0,0
440.674,59.42,0,0
440.846,60.088,0,0
441.017,60.762,0,0
441.188,60.986,0,0
441.359,62.067,0,0
441.53,62.619,0,0
441.701,62.085,0,0
441.872,62.666,0,0
442.043,61.483,0,0
442.214,61.263,0,0
442.385,61.593,0,0
442.556,62.119,0,0
442.728,62.041,0,0
442.899,61.907,0,0
443.07,61.884,0,0
443.241,62.36,0,0
443.412,62.714,0,0
443.583,63.158,0,0
443.754,63.726,0,0
443.925,63.211,0,0
444.096,64.419,0,0
444.268,65.597,0,0
444.439,65.786,0,0
444.61,64.817,0,0
444.781,64.564,0,0
444.952,64.872,0,0
445.123,64.221,0,0
445.294,64.32,0,0
445.465,64.465,0,0
445.637,63.87,0,0
445.808,63.923,0,0
445.979,64.113,0,0
446.15,63.114,0,0
446.321,63.272,0,0
446.492,62.6,0,0
446.663,62.734,0,0
446.835,62.581,0,0
447.006,62.743,0,0
447.177,63.168,0,0
447.348,63.065,0,0
447.519,63.129,0,0
447.69,62.75,0,0
447.861,62.564,0,0
448.033,63.07,0,0
448.204,64.226,0,0
448.375,63.226,0,0
448.546,63.094,0,0
448.717,63.273,0,0
448.888,64.046,0,0
449.06,64.38,0,0
449.231,64.267,0,0
449.402,64.998,0,0
449.573,64.483,0,0
449.744,64.151,0,0
449.915,65.031,0,0
450.087,64.663,0,0
450.258,64.309,0,0
450.429,64.011,0,0
450.6,63.629,0,0
450.771,64.165,0,0
450.942,64.085,0,0
451.114,65.19,0,0
451.285,65.133,0,0
451.456,64.995,0,0
451.627,64.934,0,0
451.798,64.827,0,0
451.97,64.962,0,0
452.141,65.449,0,0
452.312,65.66,0,0
452.483,65.197,0,0
452.654,66.183,0,0
452.826,66.317,0,0
452.997,66.906,0,0
453.168,67.127,0,0
453.339,67.237,0,0
453.51,67.247,0,0
453.682,67.105,0,0
453.853,66.947,0,0
454.024,66.9,0,0
454.195,65.961,0,0
454.366,65.232,0,0
454.538,65.252,0,0
454.709,65.883,0,0
454.88,66.153,0,0
455.051,66.55,0,0
455.223,66.858,0,0
455.394,66.693,0,0
455.565,66.825,0,0
455.736,66.758,0,0
455.907,66.866,0,0
456.079,66.946,0,0
456.25,67.564,0,0
456.421,67.265,0,0
456.592,67.422,0,0
456.764,67.782,0,0
456.935,67.833,0,0
457.106,68.245,0,0
457.277,68.028,0,0
457.449,67.431,0,0
457.62,67.104,0,0
457.791,66.8,0,0
457.962,66.098,0,0
458.134,65.411,0,0
458.305,65.102,0,0
458.476,65.748,0,0
458.647,66.382,0,0
458.819,66.975,0,0
458.99,67.098,0,0
459.161,67.295,0,0
459.332,67.2,0,0
459.504,67.138,0,0
459.675,67.233,0,0
459.846,67.478,0,0
460.018,67.65,0,0
460.189,67.808,0,0
460.36,68.178,0,0
460.531,68.238,0,0
460.703,68.975,0,0
460.874,69.284,0,0
461.045,69.714,0,0
461.216,69.579,0,0
461.388,69.36,0,0
461.559,69.364,0,0
461.73,69.7,0,0
461.902,69.936,0,0
462.073,69.638,0,0
462.244,69.226,0,0
462.415,69.398,0,0
462.587,69.159,0,0
462.758,68.914,0,0
462.929,69.182,0,0
463.101,68.839,0,0
463.272,68.372,0,0
463.443,68.012,0,0
463.615,67.904,0,0
463.786,68.516,0,0
463.957,68.648,0,0
464.129,68.454,0,0
464.3,68.63,0,0
464.471,68.582,0,0
464.642,68.965,0,0
464.814,69.223,0,0
464.985,69.748,0,0
465.156,70.037,0,0
465.328,69.994,0,0
465.499,70.032,0,0
465.67,70.25,0,0
465.842,70.147,0,0
466.013,70.001,0,0
466.184,69.735,0,0
466.356,69.415,0,0
466.527,69.455,0,0
466.698,69.183,0,0
466.87,69.231,0,0
467.041,69.376,0,0
467.212,69.378,0,0
467.384,69.13,0,0
467.555,68.842,0,0
467.726,69.007,0,0
467.898,69.506,0,0
468.069,69.114,0,0
468.24,68.83,0,0
468.412,69.044,0,0
468.583,69.095,0,0
468.754,69.733,0,0
468.926,69.821,0,0
469.097,70.147,0,0
469.269,70.2,0,0
469.44,70.171,0,0
469.611,70.322,0,0
469.783,70.48,0,0
469.954,70.517,0,0
470.125,70.945,0,0
470.297,70.943,0,0
470.468,71.028,0,0
470.64,71.062,0,0
470.811,71.242,0,0
470.982,71.046,0,0
471.154,71.232,0,0
471.325,70.878,0,0
471.496,70.664,0,0
471.668,70.828,0,0
471.839,71.052,0,0
472.011,71.4,0,0
472.182,71.452,0,0
472.353,71.428,0,0
472.525,71.496,0,0
472.696,71.372,0,0
472.867,71.289,0,0
473.039,71.34,0,0
473.21,71.483,0,0
473.382,71.837,0,0
473.553,71.714,0,0
473.724,71.876,0,0
473.896,71.865,0,0
474.067,72.078,0,0
474.239,72.467,0,0
474.41,72.125,0,0
474.582,72.176,0,0
474.753,72.075,0,0
474.924,71.984,0,0
475.096,71.773,0,0
475.267,72.156,0,0
475.439,72.164,0,0
475.61,72.528,0,0
475.781,72.627,0,0
475.953,72.504,0,0
476.124,72.613,0,0
476.296,72.65,0,0
476.467,72.312,0,0
476.639,72.449,0,0
476.81,72.634,0,0
476.981,72.77,0,0
477.153,72.968,0,0
477.324,73.052,0,0
477.496,73.134,0,0
477.667,72.801,0,0
477.839,73.045,0,0
478.01,72.885,0,0
478.182,72.842,0,0
478.353,72.868,0,0
478.524,72.496,0,0
478.696,72.443,0,0
478.867,72.253,0,0
479.039,72.259,0,0
479.21,72.622,0,0
479.382,72.776,0,0
479.553,72.578,0,0
479.725,72.236,0,0
479.896,72.243,0,0
480.068,72.307,0,0
480.239,72.51,0,0
480.41,72.756,0,0
480.582,72.798,0,0
480.753,73.074,0,0
480.925,73.21,0,0
481.096,73.264,0,0
481.268,73.461,0,0
481.439,73.702,0,0
481.611,73.555,0,0
481.782,73.614,0,0
481.954,73.831,0,0
482.125,73.878,0,0
482.297,74.095,0,0
482.468,74.23,0,0
482.64,74.044,0,0
482.811,74.141,0,0
482.983,74.262,0,0
483.154,74.418,0,0
483.326,74.409,0,0
483.497,74.095,0,0
483.669,74.037,0,0
483.84,73.919,0,0
484.012,74.121,0,0
484.183,74.01,0,0
484.355,73.925,0,0
484.526,73.787,0,0
484.698,73.636,0,0
484.869,73.554,0,0
485.041,73.745,0,0
485.212,73.954,0,0
485.384,74.201,0,0
485.555,74.339,0,0
485.727,74.356,0,0
485.898,74.828,0,0
486.07,75.163,0,0
486.241,75.304,0,0
486.413,75.445,0,0
486.584,75.43,0,0
486.756,75.378,0,0
486.927,75.518,0,0
487.099,75.7,0,0
487.271,75.794,0,0
487.442,75.885,0,0
487.614,75.962,0,0
487.785,76.061,0,0
487.957,75.944,0,0
488.128,75.776,0,0
488.3,75.607,0,0
488.471,75.604,0,0
488.643,75.383,0,0
488.814,75.369,0,0
488.986,75.282,0,0
489.158,75.412,0,0
489.329,75.355,0,0
489.501,75.463,0,0
489.672,75.432,0,0
489.844,75.576,0,0
490.015,75.646,0,0
490.187,75.731,0,0
490.358,75.566,0,0
490.53,75.595,0,0
490.702,75.668,0,0
490.873,75.63,0,0
491.045,75.999,0,0
491.216,76.291,0,0
491.388,76.355,0,0
491.559,76.58,0,0
491.731,76.612,0,0
491.903,76.601,0,0
492.074,76.681,0,0
492.246,76.685,0,0
492.417,76.87,0,0
492.589,76.92,0,0
492.76,76.827,0,0
492.932,76.812,0,0
493.104,76.894,0,0
493.275,76.916,0,0
493.447,76.765,0,0
493.618,76.772,0,0
493.79,76.516,0,0
493.962,76.539,0,0
494.133,76.454,0,0
494.305,76.432,0,0
494.476,76.198,0,0
494.648,76.167,0,0
494.82,76.112,0,0
494.991,75.997,0,0
495.163,76.103,0,0
495.334,76.165,0,0
495.506,76.338,0,0
495.678,76.648,0,0
495.849,76.94,0,0
496.021,77.153,0,0
496.193,77.365,0,0
496.364,77.434,0,0
496.536,77.616,0,0
496.707,77.626,0,0
496.879,77.675,0,0
497.051,77.775,0,0
497.222,77.938,0,0
497.394,77.939,0,0
497.566,77.895,0,0
497.737,77.96,0,0
497.909,77.952,0,0
498.08,78.014,0,0
498.252,77.932,0,0
498.424,77.749,0,0
498.595,77.682,0,0
498.767,77.768,0,0
498.939,77.77,0,0
499.11,77.851,0,0
499.282,77.907,0,0
499.454,78.121,0,0
499.625,78.24,0,0
499.797,78.362,0,0
499.969,78.548,0,0
500.14,78.48,0,0
500.312,78.415,0,0
500.484,78.403,0,0
500.655,78.419,0,0
500.827,78.401,0,0
500.999,78.388,0,0
501.17,78.485,0,0
501.342,78.47,0,0
501.514,78.605,0,0
501.685,78.588,0,0
501.857,78.663,0,0
502.029,78.675,0,0
502.2,78.726,0,0
502.372,78.913,0,0
502.544,79.075,0,0
502.715,79.261,0,0
502.887,79.301,0,0
503.059,79.341,0,0
503.23,79.305,0,0
503.402,79.288,0,0
503.574,79.306,0,0
503.745,79.256,0,0
503.917,79.318,0,0
504.089,79.252,0,0
504.261,79.069,0,0
504.432,79.021,0,0
504.604,79.077,0,0
504.776,78.988,0,0
504.947,78.923,0,0
505.119,78.914,0,0
505.291,78.972,0,0
505.462,79.065,0,0
505.634,79.128,0,0
505.806,79.168,0,0
505.978,79.223,0,0
506.149,79.362,0,0
506.321,79.57,0,0
506.493,79.731,0,0
506.664,79.656,0,0
506.836,79.641,0,0
507.008,79.61,0,0
507.18,79.635,0,0
507.351,79.544,0,0
507.523,79.554,0,0
507.695,79.5,0,0
507.867,79.525,0,0
508.038,79.552,0,0
508.21,79.48,0,0
508.382,79.55,0,0
508.554,79.633,0,0
508.725,79.741,0,0
508.897,79.794,0,0
509.069,79.892,0,0
509.24,80.015,0,0
509.412,80.127,0,0
509.584,80.323,0,0
509.756,80.347,0,0
509.927,80.497,0,0
510.099,80.524,0,0
510.271,80.671,0,0
510.443,80.757,0,0
510.614,80.792,0,0
510.786,80.716,0,0
510.958,80.611,0,0
511.13,80.541,0,0
511.302,80.583,0,0
511.473,80.539,0,0
511.645,80.572,0,0
511.817,80.586,0,0
511.989,80.638,0,0
512.16,80.672,0,0
512.332,80.715,0,0
512.504,80.741,0,0
512.676,80.745,0,0
512.848,80.792,0,0
513.019,80.721,0,0
513.191,80.634,0,0
513.363,80.597,0,0
513.535,80.62,0,0
513.706,80.609,0,0
513.878,80.458,0,0
514.05,80.457,0,0
514.222,80.484,0,0
514.394,80.395,0,0
514.565,80.6,0,0
514.737,80.708,0,0
514.909,80.727,0,0
515.081,80.808,0,0
515.253,80.966,0,0
515.424,81.202,0,0
515.596,81.374,0,0
515.768,81.53,0,0
515.94,81.712,0,0
516.112,81.93,0,0
516.283,82.177,0,0
516.455,82.294,0,0
516.627,82.355,0,0
516.799,82.379,0,0
516.971,82.353,0,0
517.143,82.312,0,0
517.314,82.171,0,0
517.486,82.068,0,0
517.658,81.96,0,0
517.83,81.783,0,0
518.002,81.708,0,0
518.174,81.73,0,0
518.345,81.708,0,0
518.517,81.664,0,0
518.689,81.893,0,0
518.861,81.898,0,0
519.033,81.939,0,0
519.205,81.975,0,0
519.376,82.153,0,0
519.548,82.355,0,0
519.72,82.463,0,0
519.892,82.57,0,0
520.064,82.782,0,0
520.236,82.918,0,0
520.407,82.977,0,0
520.579,83.008,0,0
520.751,83.075,0,0
520.923,83.044,0,0
521.095,83.088,0,0
521.267,83.054,0,0
521.439,82.974,0,0
521.61,82.998,0,0
521.782,82.954,0,0
521.954,82.905,0,0
522.126,82.909,0,0
522.298,82.863,0,0
522.47,82.875,0,0
522.642,82.875,0,0
522.814,82.874,0,0
522.985,82.96,0,0
523.157,83.02,0,0
523.329,83.138,0,0
523.501,83.262,0,0
523.673,83.359,0,0
523.845,83.505,0,0
524.017,83.71,0,0
524.189,83.804,0,0
524.361,83.739,0,0
524.532,83.733,0,0
524.704,83.713,0,0
524.876,83.687,0,0
525.048,83.648,0,0
525.22,83.689,0,0
525.392,83.629,0,0
525.564,83.64,0,0
525.736,83.609,0,0
525.908,83.554,0,0
526.08,83.594,0,0
526.251,83.611,0,0
526.423,83.566,0,0
526.595,83.577,0,0
526.767,83.458,0,0
526.939,83.502,0,0
527.111,83.654,0,0
527.283,83.722,0,0
527.455,83.884,0,0
527.627,84.042,0,0
527.799,84.321,0,0
527.971,84.512,0,0
528.143,84.628,0,0
528.314,84.635,0,0
528.486,84.543,0,0
528.658,84.672,0,0
528.83,84.705,0,0
529.002,84.819,0,0
529.174,84.921,0,0
529.346,84.961,0,0
529.518,84.965,0,0
529.69,85.096,0,0
529.862,85.291,0,0
530.034,85.395,0,0
530.206,85.443,0,0
530.378,85.443,0,0
530.55,85.33,0,0
530.722,85.253,0,0
530.894,85.082,0,0
531.066,85.225,0,0
531.238,85.21,0,0
531.41,85.214,0,0
531.581,85.27,0,0
531.753,85.267,0,0
531.925,85.343,0,0
532.097,85.337,0,0
532.269,85.329,0,0
532.441,85.266,0,0
532.613,85.248,0,0
532.785,85.28,0,0
532.957,85.285,0,0
533.129,85.33,0,0
533.301,85.268,0,0
533.473,85.209,0,0
533.645,85.253,0,0
533.817,85.341,0,0
533.989,85.496,0,0
534.161,85.425,0,0
534.333,85.485,0,0
534.505,85.423,0,0
534.677,85.429,0,0
534.849,85.402,0,0
535.021,85.421,0,0
535.193,85.533,0,0
535.365,85.512,0,0
535.537,85.599,0,0
535.709,85.643,0,0
535.881,85.733,0,0
536.053,85.852,0,0
536.225,85.876,0,0
536.397,85.946,0,0
536.569,85.967,0,0
536.741,86.035,0,0
536.913,86.05,0,0
537.085,86.149,0,0
537.257,86.122,0,0
537.429,86.12,0,0
537.601,86.215,0,0
537.773,86.27,0,0
537.945,86.327,0,0
538.117,86.439,0,0
538.289,86.429,0,0
538.461,86.497,0,0
538.633,86.498,0,0
538.805,86.646,0,0
538.977,86.648,0,0
539.149,86.682,0,0
539.321,86.708,0,0
539.493,86.738,0,0
539.665,86.777,0,0
539.838,86.824,0,0
540.01,86.906,0,0
540.182,86.873,0,0
540.354,86.893,0,0
540.526,86.869,0,0
540.698,86.849,0,0
540.87,86.844,0,0
541.042,86.839,0,0
541.214,86.801,0,0
541.386,86.786,0,0
541.558,86.751,0,0
541.73,86.701,0,0
541.902,86.674,0,0
542.074,86.655,0,0
542.246,86.684,0,0
542.418,86.765,0,0
542.59,86.845,0,0
542.762,86.958,0,0
542.935,87.055,0,0
543.107,87.163,0,0
543.279,87.231,0,0
543.451,87.396,0,0
543.623,87.467,0,0
543.795,87.528,0,0
543.967,87.595,0,0
544.139,87.63,0,0
544.311,87.607,0,0
544.483,87.613,0,0
544.655,87.634,0,0
544.827,87.666,0,0
544.999,87.599,0,0
545.172,87.534,0,0
545.344,87.389,0,0
545.516,87.32,0,0
545.688,87.195,0,0
545.86,87.163,0,0
546.032,87.168,0,0
546.204,87.154,0,0
546.376,87.255,0,0
546.548,87.42,0,0
546.72,87.537,0,0
546.893,87.658,0,0
547.065,87.811,0,0
547.237,88.034,0,0
547.409,88.205,0,0
547.581,88.381,0,0
547.753,88.487,0,0
547.925,88.622,0,0
548.097,88.683,0,0
548.27,88.73,0,0
548.442,88.846,0,0
548.614,88.911,0,0
548.786,89.037,0,0
548.958,89.066,0,0
549.13,88.999,0,0
549.302,89,0,0
549.474,88.884,0,0
549.647,88.889,0,0
549.819,88.903,0,0
549.991,88.94,0,0
550.163,88.972,0,0
550.335,89.03,0,0
550.507,89.035,0,0
550.679,89.068,0,0
550.852,89.053,0,0
551.024,89.051,0,0
551.196,89.088,0,0
551.368,89.163,0,0
551.54,89.183,0,0
551.712,89.115,0,0
551.884,89.118,0,0
552.057,89.034,0,0
552.229,88.925,0,0
552.401,88.937,0,0
552.573,89.003,0,0
552.745,88.952,0,0
552.917,88.969,0,0
553.09,88.927,0,0
553.262,88.864,0,0
553.434,88.797,0,0
553.606,88.76,0,0
553.778,88.721,0,0
553.95,88.696,0,0
554.123,88.66,0,0
554.295,88.685,0,0
554.467,88.658,0,0
554.639,88.638,0,0
554.811,88.674,0,0
554.984,88.716,0,0
555.156,88.754,0,0
555.328,88.88,0,0
555.5,88.942,0,0
555.672,88.972,0,0
555.844,88.93,0,0
556.017,89.04,0,0
556.189,89.037,0,0
556.361,89.089,0,0
556.533,89.138,0,0
556.705,89.159,0,0
556.878,89.166,0,0
557.05,89.148,0,0
557.222,89.156,0,0
557.394,89.163,0,0
557.567,89.125,0,0
557.739,89.201,0,0
557.911,89.249,0,0
558.083,89.35,0,0
558.255,89.421,0,0
558.428,89.458,0,0
558.6,89.461,0,0
558.772,89.564,0,0
558.944,89.645,0,0
559.116,89.771,0,0
559.289,89.898,0,0
559.461,90.011,0,0
559.633,90.016,0,0
559.805,90.136,0,0
559.978,90.2,0,0
560.15,90.322,0,0
560.322,90.302,0,0
560.494,90.3,0,0
560.667,90.308,0,0
560.839,90.341,0,0
561.011,90.322,0,0
561.183,90.29,0,0
561.356,90.331,0,0
561.528,90.333,0,0
561.7,90.346,0,0
561.872,90.346,0,0
562.045,90.335,0,0
562.217,90.246,0,0
562.389,90.22,0,0
562.561,90.087,0,0
562.734,90.102,0,0
562.906,90.17,0,0
563.078,90.175,0,0
563.25,90.14,0,0
563.423,90.157,0,0
563.595,90.233,0,0
563.767,90.318,0,0
563.939,90.456,0,0
564.112,90.555,0,0
564.284,90.623,0,0
564.456,90.629,0,0
564.629,90.715,0,0
564.801,90.819,0,0
564.973,90.951,0,0
565.145,91.056,0,0
565.318,91.191,0,0
565.49,91.222,0,0
565.662,91.231,0,0
565.835,91.328,0,0
566.007,91.348,0,0
566.179,91.47,0,0
566.351,91.508,0,0
566.524,91.576,0,0
566.696,91.497,0,0
566.868,91.554,0,0
567.041,91.646,0,0
567.213,91.653,0,0
567.385,91.672,0,0
567.558,91.711,0,0
567.73,91.73,0,0
567.902,91.637,0,0
568.074,91.544,0,0
568.247,91.471,0,0
568.419,91.33,0,0
568.591,91.217,0,0
568.764,91.169,0,0
568.936,91.11,0,0
569.108,91.111,0,0
569.281,91.164,0,0
569.453,91.125,0,0
569.625,91.102,0,0
569.798,91.164,0,0
569.97,91.293,0,0
570.142,91.347,0,0
570.315,91.404,0,0
570.487,91.44,0,0
570.659,91.575,0,0
570.832,91.713,0,0
571.004,91.9,0,0
571.176,92.027,0,0
571.349,92.08,0,0
571.521,92.125,0,0
571.693,92.127,0,0
571.866,92.156,0,0
572.038,92.11,0,0
572.21,92.057,0,0
572.383,91.985,0,0
572.555,91.893,0,0
572.728,91.849,0,0
572.9,91.788,0,0
573.072,91.74,0,0
573.245,91.747,0,0
573.417,91.806,0,0
573.589,91.795,0,0
573.762,91.841,0,0
573.934,91.841,0,0
574.106,91.848,0,0
574.279,91.796,0,0
574.451,91.789,0,0
574.624,91.845,0,0
574.796,91.901,0,0
574.968,91.927,0,0
575.141,91.936,0,0
575.313,91.943,0,0
575.485,92.081,0,0
575.658,92.193,0,0
575.83,92.274,0,0
576.003,92.373,0,0
576.175,92.439,0,0
576.347,92.481,0,0
576.52,92.472,0,0
576.692,92.571,0,0
576.865,92.679,0,0
577.037,92.719,0,0
577.209,92.817,0,0
577.382,92.958,0,0
577.554,93.119,0,0
577.727,93.249,0,0
577.899,93.293,0,0
578.071,93.285,0,0
578.244,93.322,0,0
578.416,93.304,0,0
578.589,93.33,0,0
578.761,93.306,0,0
578.933,93.278,0,0
579.106,93.271,0,0
579.278,93.313,0,0
579.451,93.354,0,0
579.623,93.445,0,0
579.796,93.474,0,0
579.968,93.536,0,0
580.14,93.584,0,0
580.313,93.533,0,0
580.485,93.472,0,0
580.658,93.387,0,0
580.83,93.389,0,0
581.003,93.346,0,0
581.175,93.258,0,0
581.347,93.271,0,0
581.52,93.294,0,0
581.692,93.31,0,0
581.865,93.339,0,0
582.037,93.258,0,0
582.21,93.229,0,0
582.382,93.301,0,0
582.555,93.318,0,0
582.727,93.364,0,0
582.899,93.409,0,0
583.072,93.433,0,0
583.244,93.571,0,0
583.417,93.721,0,0
583.589,93.825,0,0
583.762,93.923,0,0
583.934,93.975,0,0
584.107,94.047,0,0
584.279,94.021,0,0
584.452,93.96,0,0
584.624,93.931,0,0
584.797,93.897,0,0
584.969,93.875,0,0
585.142,93.881,0,0
585.314,93.914,0,0
585.486,94.045,0,0
585.659,94.103,0,0
585.831,94.174,0,0
586.004,94.191,0,0
586.176,94.135,0,0
586.349,94.167,0,0
586.521,94.186,0,0
586.694,94.151,0,0
586.866,94.113,0,0
587.039,94.078,0,0
587.211,94.012,0,0
587.384,94.045,0,0
587.556,93.984,0,0
587.729,93.942,0,0
587.901,93.824,0,0
588.074,93.811,0,0
588.246,93.803,0,0
588.419,93.743,0,0
588.591,93.769,0,0
588.764,93.792,0,0
588.936,93.841,0,0
589.109,93.845,0,0
589.281,93.969,0,0
589.454,94.122,0,0
589.626,94.344,0,0
589.799,94.533,0,0
589.972,94.691,0,0
590.144,94.835,0,0
590.317,94.971,0,0
590.489,95.097,0,0
590.662,95.178,0,0
590.834,95.227,0,0
591.007,95.249,0,0
591.179,95.292,0,0
591.352,95.271,0,0
591.524,95.293,0,0
591.697,95.281,0,0
591.869,95.253,0,0
592.042,95.179,0,0
592.214,95.163,0,0
592.387,95.036,0,0
592.56,95.013,0,0
592.732,94.968,0,0
592.905,94.785,0,0
593.077,94.653,0,0
593.25,94.569,0,0
593.422,94.665,0,0
593.595,94.767,0,0
593.767,94.932,0,0
593.94,95.031,0,0
594.113,95.075,0,0
594.285,95.143,0,0
594.458,95.213,0,0
594.63,95.302,0,0
594.803,95.398,0,0
594.975,95.543,0,0
595.148,95.664,0,0
595.321,95.738,0,0
595.493,95.77,0,0
595.666,95.866,0,0
595.838,95.989,0,0
596.011,95.987,0,0
596.183,95.98,0,0
596.356,95.973,0,0
596.529,95.966,0,0
596.701,95.971,0,0
596.874,95.903,0,0
597.046,95.768,0,0
597.219,95.703,0,0
597.392,95.718,0,0
597.564,95.75,0,0
597.737,95.766,0,0
597.909,95.77,0,0
598.082,95.778,0,0
598.255,95.769,0,0
598.427,95.881,0,0
598.6,95.918,0,0
598.772,95.976,0,0
598.945,96.036,0,0
599.118,96.152,0,0
599.29,96.163,0,0
599.463,96.221,0,0
599.635,96.334,0,0
599.808,96.454,0,0
599.981,96.519,0,0
600.153,96.473,0,0
600.326,96.452,0,0
600.498,96.48,0,0
600.671,96.507,0,0
600.844,96.565,0,0
601.016,96.628,0,0
601.189,96.555,0,0
601.362,96.544,0,0
601.534,96.6,0,0
601.707,96.629,0,0
601.88,96.677,0,0
602.052,96.695,0,0
602.225,96.742,0,0
602.397,96.704,0,0
602.57,96.714,0,0
602.743,96.685,0,0
602.915,96.748,0,0
603.088,96.803,0,0
603.261,96.928,0,0
603.433,97.031,0,0
603.606,97.124,0,0
603.779,97.233,0,0
603.951,97.362,0,0
604.124,97.452,0,0
604.297,97.518,0,0
604.469,97.573,0,0
604.642,97.616,0,0
604.815,97.637,0,0
604.987,97.609,0,0
605.16,97.596,0,0
605.333,97.558,0,0
605.505,97.617,0,0
605.678,97.619,0,0
605.851,97.561,0,0
606.023,97.559,0,0
606.196,97.545,0,0
606.369,97.525,0,0
606.541,97.474,0,0
606.714,97.41,0,0
606.887,97.369,0,0
607.059,97.251,0,0
607.232,97.217,0,0
607.405,97.212,0,0
607.577,97.211,0,0
607.75,97.198,0,0
607.923,97.287,0,0
608.096,97.314,0,0
608.268,97.264,0,0
608.441,97.182,0,0
608.614,97.1,0,0
608.786,97.033,0,0
608.959,96.995,0,0
609.132,96.999,0,0
609.304,97.054,0,0
609.477,97.116,0,0
609.65,97.16,0,0
609.823,97.171,0,0
609.995,97.28,0,0
610.168,97.461,0,0
610.341,97.585,0,0
610.513,97.671,0,0
610.686,97.627,0,0
610.859,97.577,0,0
611.032,97.587,0,0
611.204,97.551,0,0
611.377,97.622,0,0
611.55,97.711,0,0
611.723,97.778,0,0
611.895,97.835,0,0
612.068,97.832,0,0
612.241,97.73,0,0
612.413,97.654,0,0
612.586,97.559,0,0
612.759,97.474,0,0
612.932,97.458,0,0
613.104,97.425,0,0
613.277,97.426,0,0
613.45,97.468,0,0
613.623,97.487,0,0
613.795,97.499,0,0
613.968,97.562,0,0
614.141,97.65,0,0
614.314,97.74,0,0
614.486,97.857,0,0
614.659,97.99,0,0
614.832,98.028,0,0
615.005,98.143,0,0
615.177,98.233,0,0
615.35,98.339,0,0
615.523,98.483,0,0
615.696,98.618,0,0
615.869,98.648,0,0
616.041,98.673,0,0
616.214,98.698,0,0
616.387,98.681,0,0
616.56,98.682,0,0
616.732,98.69,0,0
616.905,98.699,0,0
617.078,98.795,0,0
617.251,98.779,0,0
617.424,98.703,0,0
617.596,98.69,0,0
617.769,98.635,0,0
617.942,98.653,0,0
618.115,98.678,0,0
618.288,98.685,0,0
618.46,98.716,0,0
618.633,98.735,0,0
618.806,98.771,0,0
618.979,98.721,0,0
619.151,98.725,0,0
619.324,98.678,0,0
619.497,98.581,0,0
619.67,98.479,0,0
619.843,98.43,0,0
620.016,98.379,0,0
620.188,98.414,0,0
620.361,98.453,0,0
620.534,98.368,0,0
620.707,98.345,0,0
620.88,98.367,0,0
621.052,98.401,0,0
621.225,98.478,0,0
621.398,98.487,0,0
621.571,98.555,0,0
621.744,98.752,0,0
621.917,98.949,0,0
622.089,99.149,0,0
622.262,99.269,0,0
622.435,99.407,0,0
622.608,99.528,0,0
622.781,99.58,0,0
622.954,99.664,0,0
623.126,99.748,0,0
623.299,99.836,0,0
623.472,99.84,0,0
623.645,99.807,0,0
623.818,99.904,0,0
623.991,99.942,0,0
624.163,99.938,0,0
624.336,99.837,0,0
624.509,99.731,0,0
624.682,99.63,0,0
624.855,99.569,0,0
625.028,99.52,0,0
625.201,99.49,0,0
625.373,99.439,0,0
625.546,99.392,0,0
625.719,99.383,0,0
625.892,99.41,0,0
626.065,99.458,0,0
626.238,99.462,0,0
626.411,99.456,0,0
626.584,99.496,0,0
626.756,99.464,0,0
626.929,99.487,0,0
627.102,99.584,0,0
627.275,99.764,0,0
627.448,99.944,0,0
627.621,100.045,0,0
627.794,100.175,0,0
627.967,100.304,0,0
628.139,100.306,0,0
628.312,100.312,0,0
628.485,100.324,0,0
628.658,100.481,0,0
628.831,100.595,0,0
629.004,100.623,0,0
629.177,100.674,0,0
629.35,100.712,0,0
629.523,100.712,0,0
629.696,100.718,0,0
629.868,100.725,0,0
630.041,100.724,0,0
630.214,100.634,0,0
630.387,100.5,0,0
630.56,100.371,0,0
630.733,100.284,0,0
630.906,100.247,0,0
631.079,100.258,0,0
631.252,100.199,0,0
631.425,100.153,0,0
631.598,100.089,0,0
631.77,100.023,0,0
631.943,99.992,0,0
632.116,99.913,0,0
632.289,99.855,0,0
632.462,99.888,0,0
632.635,99.975,0,0
632.808,100.117,0,0
632.981,100.192,0,0
633.154,100.239,0,0
633.327,100.292,0,0
633.5,100.326,0,0
633.673,100.337,0,0
633.846,100.331,0,0
634.019,100.312,0,0
634.192,100.286,0,0
634.365,100.233,0,0
634.537,100.235,0,0
634.71,100.27,0,0
634.883,100.335,0,0
635.056,100.407,0,0
635.229,100.418,0,0
635.402,100.335,0,0
635.575,100.3,0,0
635.748,100.365,0,0
635.921,100.451,0,0
636.094,100.505,0,0
636.267,100.547,0,0
636.44,100.616,0,0
636.613,100.699,0,0
636.786,100.739,0,0
636.959,100.755,0,0
637.132,100.741,0,0
637.305,100.746,0,0
637.478,100.718,0,0
637.651,100.701,0,0
637.824,100.725,0,0
637.997,100.734,0,0
638.17,100.726,0,0
638.343,100.731,0,0
638.516,100.752,0,0
638.689,100.782,0,0
638.862,100.837,0,0
639.035,100.907,0,0
639.208,100.956,0,0
639.381,101.031,0,0
639.554,101.095,0,0
639.727,101.253,0,0
639.9,101.478,0,0
640.073,101.635,0,0
640.246,101.781,0,0
640.419,101.897,0,0
640.592,102.008,0,0
640.765,102.064,0,0
640.938,102.079,0,0
641.111,102.058,0,0
641.284,102.012,0,0
641.457,101.969,0,0
641.63,101.929,0,0
641.803,101.911,0,0
641.976,101.879,0,0
642.149,101.762,0,0
642.322,101.639,0,0
642.495,101.573,0,0
642.668,101.547,0,0
642.841,101.483,0,0
643.014,101.441,0,0
643.187,101.454,0,0
643.36,101.468,0,0
643.533,101.49,0,0
643.706,101.501,0,0
643.879,101.567,0,0
644.052,101.621,0,0
644.225,101.586,0,0
644.398,101.604,0,0
644.571,101.692,0,0
644.744,101.81,0,0
644.917,101.956,0,0
645.09,102.121,0,0
645.264,102.273,0,0
645.437,102.349,0,0
645.61,102.439,0,0
645.783,102.513,0,0
645.956,102.518,0,0
646.129,102.507,0,0
646.302,102.518,0,0
646.475,102.59,0,0
646.648,102.605,0,0
646.821,102.594,0,0
646.994,102.586,0,0
647.167,102.623,0,0
647.34,102.719,0,0
647.513,102.804,0,0
647.686,102.859,0,0
647.86,102.978,0,0
648.033,103.023,0,0
648.206,102.991,0,0
648.379,102.97,0,0
648.552,103.032,0,0
648.725,103.175,0,0
648.898,103.275,0,0
649.071,103.411,0,0
649.244,103.567,0,0
649.417,103.647,0,0
649.59,103.617,0,0
649.763,103.629,0,0
649.937,103.648,0,0
650.11,103.646,0,0
650.283,103.644,0,0
650.456,103.615,0,0
650.629,103.574,0,0
650.802,103.455,0,0
650.975,103.392,0,0
651.148,103.349,0,0
651.321,103.311,0,0
651.495,103.25,0,0
651.668,103.145,0,0
651.841,103.109,0,0
652.014,103.078,0,0
652.187,102.954,0,0
652.36,102.876,0,0
652.533,102.865,0,0
652.706,102.861,0,0
652.879,102.881,0,0
653.053,102.858,0,0
653.226,102.936,0,0
653.399,103.055,0,0
653.572,103.128,0,0
653.745,103.183,0,0
653.918,103.241,0,0
654.091,103.257,0,0
654.265,103.273,0,0
654.438,103.278,0,0
654.611,103.288,0,0
654.784,103.314,0,0
654.957,103.336,0,0
655.13,103.279,0,0
655.303,103.218,0,0
655.477,103.208,0,0
655.65,103.177,0,0
655.823,103.289,0,0
655.996,103.521,0,0
656.169,103.66,0,0
656.342,103.797,0,0
656.515,103.937,0,0
656.689,104.059,0,0
656.862,104.165,0,0
657.035,104.203,0,0
657.208,104.254,0,0
657.381,104.25,0,0
657.554,104.216,0,0
657.728,104.21,0,0
657.901,104.23,0,0
658.074,104.23,0,0
658.247,104.198,0,0
658.42,104.218,0,0
658.594,104.174,0,0
658.767,104.093,0,0
658.94,103.966,0,0
659.113,103.807,0,0
659.286,103.628,0,0
659.459,103.518,0,0
659.633,103.502,0,0
659.806,103.56,0,0
659.979,103.737,0,0
660.152,103.841,0,0
660.325,103.889,0,0
660.499,103.929,0,0
660.672,103.976,0,0
660.845,103.976,0,0
661.018,103.993,0,0
661.191,103.938,0,0
661.365,103.929,0,0
661.538,103.886,0,0
661.711,103.984,0,0
661.884,104.128,0,0
662.057,104.225,0,0
662.231,104.253,0,0
662.404,104.234,0,0
662.577,104.161,0,0
662.75,104.088,0,0
662.924,104.034,0,0
663.097,104.005,0,0
663.27,104,0,0
663.443,104.044,0,0
663.616,104.065,0,0
663.79,104.097,0,0
663.963,104.057,0,0
664.136,104.005,0,0
664.309,103.941,0,0
664.483,103.942,0,0
664.656,104,0,0
664.829,104.109,0,0
665.002,104.154,0,0
665.176,104.24,0,0
665.349,104.357,0,0
665.522,104.523,0,0
665.695,104.689,0,0
665.869,104.904,0,0
666.042,105.057,0,0
666.215,105.147,0,0
666.388,105.234,0,0
666.562,105.306,0,0
666.735,105.348,0,0
666.908,105.384,0,0
667.081,105.348,0,0
667.255,105.274,0,0
667.428,105.137,0,0
667.601,104.934,0,0
667.774,104.672,0,0
667.948,104.386,0,0
668.121,104.172,0,0
668.294,104.079,0,0
668.467,104.051,0,0
668.641,104.021,0,0
668.814,104.085,0,0
668.987,104.18,0,0
669.161,104.319,0,0
669.334,104.549,0,0
669.507,104.793,0,0
669.68,105.028,0,0
669.854,105.239,0,0
670.027,105.464,0,0
670.2,105.622,0,0
670.374,105.782,0,0
670.547,105.977,0,0
670.72,106.083,0,0
670.893,106.134,0,0
671.067,106.148,0,0
671.24,106.158,0,0
671.413,106.168,0,0
671.587,106.13,0,0
671.76,106.031,0,0
671.933,105.943,0,0
672.107,105.802,0,0
672.28,105.703,0,0
672.453,105.532,0,0
672.627,105.349,0,0
672.8,105.177,0,0
672.973,105.112,0,0
673.146,105.039,0,0
673.32,104.966,0,0
673.493,104.905,0,0
673.666,104.847,0,0
673.84,104.897,0,0
674.013,104.954,0,0
674.186,105,0,0
674.36,105.021,0,0
674.533,105.042,0,0
674.706,105.06,0,0
674.88,105.039,0,0
675.053,105.105,0,0
675.226,105.151,0,0
675.4,105.133,0,0
675.573,105.156,0,0
675.746,105.138,0,0
675.92,105.126,0,0
676.093,105.163,0,0
676.266,105.224,0,0
676.44,105.335,0,0
676.613,105.387,0,0
676.787,105.446,0,0
676.96,105.569,0,0
677.133,105.73,0,0
677.307,105.896,0,0
677.48,106.053,0,0
677.653,106.281,0,0
677.827,106.494,0,0
678,106.793,0,0
678.173,107.021,0,0
678.347,107.164,0,0
678.52,107.222,0,0
678.694,107.162,0,0
678.867,107.063,0,0
679.04,106.912,0,0
679.214,106.732,0,0
679.387,106.491,0,0
679.56,106.3,0,0
679.734,106.121,0,0
679.907,105.974,0,0
680.081,105.848,0,0
680.254,105.806,0,0
680.427,105.832,0,0
680.601,105.911,0,0
680.774,105.984,0,0
680.948,105.993,0,0
681.121,106.045,0,0
681.294,106.123,0,0
681.468,106.147,0,0
681.641,106.168,0,0
681.814,106.215,0,0
681.988,106.255,0,0
682.161,106.433,0,0
682.335,106.539,0,0
682.508,106.561,0,0
682.682,106.486,0,0
682.855,106.337,0,0
683.028,106.241,0,0
683.202,106.158,0,0
683.375,106.147,0,0
683.549,106.213,0,0
683.722,106.304,0,0
683.895,106.372,0,0
684.069,106.524,0,0
684.242,106.585,0,0
684.416,106.644,0,0
684.589,106.658,0,0
684.763,106.688,0,0
684.936,106.658,0,0
685.109,106.564,0,0
685.283,106.564,0,0
685.456,106.553,0,0
685.63,106.464,0,0
685.803,106.421,0,0
685.977,106.366,0,0
686.15,106.359,0,0
686.323,106.375,0,0
686.497,106.331,0,0
686.67,106.213,0,0
686.844,106.071,0,0
687.017,105.965,0,0
687.191,105.998,0,0
687.364,106.082,0,0
687.538,106.271,0,0
687.711,106.463,0,0
687.885,106.604,0,0
688.058,106.727,0,0
688.231,106.873,0,0
688.405,106.875,0,0
688.578,106.856,0,0
688.752,106.869,0,0
688.925,106.953,0,0
689.099,107.02,0,0
689.272,107.067,0,0
689.446,107.108,0,0
689.619,107.073,0,0
689.793,107.061,0,0
689.966,107.068,0,0
690.14,107.036,0,0
690.313,107.032,0,0
690.487,107.029,0,0
690.66,107.006,0,0
690.834,106.987,0,0
691.007,106.983,0,0
691.181,106.97,0,0
691.354,106.965,0,0
691.528,106.931,0,0
691.701,106.93,0,0
691.875,106.925,0,0
692.048,106.878,0,0
692.222,106.882,0,0
692.395,106.875,0,0
692.569,106.761,0,0
692.742,106.682,0,0
692.916,106.587,0,0
693.089,106.495,0,0
693.263,106.43,0,0
693.436,106.332,0,0
693.61,106.246,0,0
693.783,106.166,0,0
693.957,106.2,0,0
694.13,106.275,0,0
694.304,106.401,0,0
694.477,106.577,0,0
694.651,106.817,0,0
694.824,107.088,0,0
694.998,107.303,0,0
695.171,107.442,0,0
695.345,107.525,0,0
695.518,107.582,0,0
695.692,107.629,0,0
695.865,107.704,0,0
696.039,107.753,0,0
696.213,107.736,0,0
696.386,107.812,0,0
696.56,107.737,0,0
696.733,107.644,0,0
696.907,107.549,0,0
697.08,107.458,0,0
697.254,107.409,0,0
697.427,107.414,0,0
697.601,107.415,0,0
697.774,107.485,0,0
697.948,107.595,0,0
698.122,107.781,0,0
698.295,107.989,0,0
698.469,108.256,0,0
698.642,108.545,0,0
698.816,108.877,0,0
698.989,109.137,0,0
699.163,109.358,0,0
699.337,109.615,0,0
699.51,109.765,0,0
699.684,109.819,0,0
699.857,109.771,0,0
700.031,109.613,0,0
700.204,109.308,0,0
700.378,108.995,0,0
700.552,108.666,0,0
700.725,108.22,0,0
700.899,107.963,0,0
701.072,107.684,0,0
701.246,107.454,0,0
701.419,107.22,0,0
701.593,106.988,0,0
701.767,106.844,0,0
701.94,106.802,0,0
702.114,106.88,0,0
702.287,107.056,0,0
702.461,107.38,0,0
702.635,107.757,0,0
702.808,108.097,0,0
702.982,108.416,0,0
703.155,108.723,0,0
703.329,108.998,0,0
703.503,109.176,0,0
703.676,109.257,0,0
703.85,109.275,0,0
704.023,109.235,0,0
704.197,109.195,0,0
704.371,109.183,0,0
704.544,109.225,0,0
704.718,109.245,0,0
704.892,109.215,0,0
705.065,109.188,0,0
705.239,109.073,0,0
705.412,108.965,0,0
705.586,108.789,0,0
705.76,108.532,0,0
705.933,108.317,0,0
706.107,108.181,0,0
706.281,108.157,0,0
706.454,108.205,0,0
706.628,108.297,0,0
706.802,108.349,0,0
706.975,108.325,0,0
707.149,108.292,0,0
707.322,108.224,0,0
707.496,108.169,0,0
707.67,108.225,0,0
707.843,108.341,0,0
708.017,108.477,0,0
708.191,108.65,0,0
708.364,108.848,0,0
708.538,109.09,0,0
708.712,109.353,0,0
708.885,109.574,0,0
709.059,109.724,0,0
709.233,109.938,0,0
709.406,110.068,0,0
709.58,110.075,0,0
709.754,109.996,0,0
709.927,109.889,0,0
710.101,109.837,0,0
710.275,109.866,0,0
710.448,109.854,0,0
710.622,109.762,0,0
710.796,109.6,0,0
710.969,109.401,0,0
711.143,109.232,0,0
711.317,109.136,0,0
711.49,109.111,0,0
711.664,109.132,0,0
711.838,109.215,0,0
712.011,109.324,0,0
712.185,109.444,0,0
712.359,109.575,0,0
712.533,109.708,0,0
712.706,109.86,0,0
712.88,110.007,0,0
713.054,110.143,0,0
713.227,110.205,0,0
713.401,110.208,0,0
713.575,110.15,0,0
713.748,110.028,0,0
713.922,109.938,0,0
714.096,109.872,0,0
714.27,109.821,0,0
714.443,109.725,0,0
714.617,109.633,0,0
714.791,109.517,0,0
714.964,109.382,0,0
715.138,109.285,0,0
715.312,109.198,0,0
715.486,109.104,0,0
715.659,109.071,0,0
715.833,109.071,0,0
716.007,109.147,0,0
716.181,109.221,0,0
716.354,109.286,0,0
716.528,109.374,0,0
716.702,109.388,0,0
716.875,109.415,0,0
717.049,109.437,0,0
717.223,109.438,0,0
717.397,109.274,0,0
717.57,109.127,0,0
717.744,109.028,0,0
717.918,108.893,0,0
718.092,108.772,0,0
718.265,108.699,0,0
718.439,108.738,0,0
718.613,108.762,0,0
718.787,108.798,0,0
718.96,108.73,0,0
719.134,108.647,0,0
719.308,108.561,0,0
719.482,108.469,0,0
719.655,108.428,0,0
719.829,108.472,0,0
720.003,108.581,0,0
720.177,108.732,0,0
720.351,108.867,0,0
720.524,109.042,0,0
720.698,109.224,0,0
720.872,109.319,0,0
721.046,109.403,0,0
721.219,109.471,0,0
721.393,109.576,0,0
721.567,109.638,0,0
721.741,109.803,0,0
721.915,109.946,0,0
722.088,110.08,0,0
722.262,110.255,0,0
722.436,110.458,0,0
722.61,110.687,0,0
722.783,110.813,0,0
722.957,110.941,0,0
723.131,111.012,0,0
723.305,111.008,0,0
723.479,110.962,0,0
723.652,111.002,0,0
723.826,111.052,0,0
724,111.085,0,0
724.174,111.066,0,0
724.348,110.965,0,0
724.521,110.811,0,0
724.695,110.739,0,0
724.869,110.658,0,0
725.043,110.613,0,0
725.217,110.591,0,0
725.391,110.595,0,0
725.564,110.595,0,0
725.738,110.5,0,0
725.912,110.354,0,0
726.086,110.137,0,0
726.26,110.044,0,0
726.433,110.007,0,0
726.607,110.007,0,0
726.781,109.992,0,0
726.955,110.003,0,0
727.129,110.036,0,0
727.303,110.025,0,0
727.476,110.01,0,0
727.65,110.079,0,0
727.824,110.251,0,0
727.998,110.355,0,0
728.172,110.364,0,0
728.346,110.381,0,0
728.52,110.426,0,0
728.693,110.556,0,0
728.867,110.718,0,0
729.041,110.879,0,0
729.215,111.025,0,0
729.389,111.014,0,0
729.563,110.934,0,0
729.736,110.847,0,0
729.91,110.724,0,0
730.084,110.629,0,0
730.258,110.596,0,0
730.432,110.71,0,0
730.606,110.796,0,0
730.78,110.839,0,0
730.954,110.801,0,0
731.127,110.786,0,0
731.301,110.777,0,0
731.475,110.826,0,0
731.649,110.919,0,0
731.823,111.054,0,0
731.997,111.211,0,0
732.171,111.313,0,0
732.345,111.308,0,0
732.518,111.274,0,0
732.692,111.17,0,0
732.866,111.13,0,0
733.04,111.084,0,0
733.214,110.995,0,0
733.388,110.786,0,0
733.562,110.585,0,0
733.736,110.458,0,0
733.91,110.388,0,0
734.083,110.313,0,0
734.257,110.332,0,0
734.431,110.424,0,0
734.605,110.528,0,0
734.779,110.554,0,0
734.953,110.541,0,0
735.127,110.437,0,0
735.301,110.344,0,0
735.475,110.289,0,0
735.649,110.336,0,0
735.823,110.388,0,0
735.996,110.501,0,0
736.17,110.591,0,0
736.344,110.72,0,0
736.518,110.855,0,0
736.692,111.055,0,0
736.866,111.25,0,0
737.04,111.498,0,0
737.214,111.714,0,0
737.388,111.845,0,0
737.562,111.956,0,0
737.736,112.11,0,0
737.91,112.292,0,0
738.084,112.438,0,0
738.258,112.542,0,0
738.431,112.662,0,0
738.605,112.678,0,0
738.779,112.607,0,0
738.953,112.468,0,0
739.127,112.154,0,0
739.301,111.697,0,0
739.475,111.315,0,0
739.649,111.056,0,0
739.823,110.9,0,0
739.997,110.83,0,0
740.171,110.848,0,0
740.345,110.836,0,0
740.519,110.879,0,0
740.693,110.9,0,0
740.867,110.954,0,0
741.041,110.975,0,0
741.215,111.087,0,0
741.389,111.213,0,0
741.563,111.274,0,0
741.737,111.301,0,0
741.911,111.352,0,0
742.085,111.378,0,0
742.259,111.284,0,0
742.433,111.207,0,0
742.607,111.143,0,0
742.781,111.042,0,0
742.955,110.953,0,0
743.129,110.825,0,0
743.303,110.724,0,0
743.476,110.732,0,0
743.65,110.816,0,0
743.824,110.966,0,0
743.998,111.129,0,0
744.172,111.268,0,0
744.346,111.331,0,0
744.52,111.376,0,0
744.694,111.357,0,0
744.868,111.39,0,0
745.042,111.424,0,0
745.216,111.419,0,0
745.39,111.445,0,0
745.564,111.402,0,0
745.739,111.344,0,0
745.913,111.302,0,0
746.087,111.261,0,0
746.261,111.17,0,0
746.435,111.051,0,0
746.609,110.935,0,0
746.783,110.876,0,0
746.957,110.871,0,0
747.131,110.947,0,0
747.305,111.055,0,0
747.479,111.219,0,0
747.653,111.294,0,0
747.827,111.325,0,0
748.001,111.364,0,0
748.175,111.355,0,0
748.349,111.431,0,0
748.523,111.61,0,0
748.697,111.844,0,0
748.871,111.999,0,0
749.045,112.127,0,0
749.219,112.105,0,0
749.393,112.108,0,0
749.567,112.221,0,0
749.741,112.383,0,0
749.915,112.579,0,0
750.089,112.694,0,0
750.263,112.707,0,0
750.437,112.722,0,0
750.611,112.775,0,0
750.786,112.864,0,0
750.96,113.043,0,0
751.134,113.173,0,0
751.308,113.188,0,0
751.482,113.089,0,0
751.656,112.951,0,0
751.83,112.789,0,0
752.004,112.699,0,0
752.178,112.644,0,0
752.352,112.684,0,0
752.526,112.894,0,0
752.7,113.063,0,0
752.874,113.182,0,0
753.048,113.244,0,0
753.223,113.272,0,0
753.397,113.27,0,0
753.571,113.467,0,0
753.745,113.768,0,0
753.919,114.016,0,0
754.093,114.167,0,0
754.267,114.261,0,0
754.441,114.366,0,0
754.615,114.561,0,0
754.789,114.765,0,0
754.963,114.906,0,0
755.138,115.005,0,0
755.312,114.973,0,0
755.486,114.808,0,0
755.66,114.6,0,0
755.834,114.328,0,0
756.008,114.106,0,0
756.182,113.938,0,0
756.356,113.816,0,0
756.53,113.752,0,0
756.704,113.652,0,0
756.879,113.569,0,0
757.053,113.518,0,0
757.227,113.529,0,0
757.401,113.491,0,0
757.575,113.376,0,0
757.749,113.261,0,0
757.923,113.085,0,0
758.097,112.87,0,0
758.272,112.725,0,0
758.446,112.689,0,0
758.62,112.68,0,0
758.794,112.682,0,0
758.968,112.659,0,0
759.142,112.693,0,0
759.316,112.726,0,0
759.491,112.719,0,0
759.665,112.686,0,0
759.839,112.655,0,0
760.013,112.656,0,0
760.187,112.714,0,0
760.361,112.738,0,0
760.535,112.753,0,0
760.71,112.739,0,0
760.884,112.729,0,0
761.058,112.822,0,0
761.232,112.946,0,0
761.406,113.103,0,0
761.58,113.154,0,0
761.755,113.204,0,0
761.929,113.219,0,0
762.103,113.277,0,0
762.277,113.307,0,0
762.451,113.317,0,0
762.625,113.276,0,0
762.8,113.239,0,0
762.974,113.266,0,0
763.148,113.383,0,0
763.322,113.603,0,0
763.496,113.717,0,0
763.67,113.799,0,0
763.845,113.84,0,0
764.019,113.789,0,0
764.193,113.749,0,0
764.367,113.581,0,0
764.541,113.371,0,0
764.716,113.167,0,0
764.89,112.979,0,0
765.064,112.879,0,0
765.238,112.861,0,0
765.412,112.893,0,0
765.587,112.939,0,0
765.761,113.02,0,0
765.935,113.152,0,0
766.109,113.153,0,0
766.283,113.141,0,0
766.458,113.084,0,0
766.632,113.047,0,0
766.806,113.092,0,0
766.98,113.262,0,0
767.154,113.422,0,0
767.329,113.553,0,0
767.503,113.688,0,0
767.677,113.73,0,0
767.851,113.772,0,0
768.025,113.851,0,0
768.2,113.863,0,0
768.374,113.932,0,0
768.548,113.939,0,0
768.722,114.016,0,0
768.897,114.056,0,0
769.071,114.121,0,0
769.245,114.287,0,0
769.419,114.476,0,0
769.594,114.697,0,0
769.768,114.945,0,0
769.942,115.081,0,0
770.116,115.138,0,0
770.291,115.092,0,0
770.465,115.021,0,0
770.639,114.885,0,0
770.813,114.718,0,0
770.988,114.422,0,0
771.162,114.074,0,0
771.336,113.708,0,0
771.51,113.443,0,0
771.685,113.199,0,0
771.859,112.987,0,0
772.033,112.802,0,0
772.207,112.758,0,0
772.382,112.739,0,0
772.556,112.812,0,0
772.73,112.917,0,0
772.904,113.151,0,0
773.079,113.329,0,0
773.253,113.59,0,0
773.427,113.939,0,0
773.601,114.227,0,0
773.776,114.482,0,0
773.95,114.701,0,0
774.124,114.755,0,0
774.299,114.838,0,0
774.473,114.905,0,0
774.647,114.943,0,0
774.821,114.878,0,0
774.996,114.754,0,0
775.17,114.531,0,0
775.344,114.367,0,0
775.519,114.354,0,0
775.693,114.352,0,0
775.867,114.389,0,0
776.042,114.415,0,0
776.216,114.403,0,0
776.39,114.502,0,0
776.564,114.548,0,0
776.739,114.563,0,0
776.913,114.535,0,0
777.087,114.579,0,0
777.262,114.556,0,0
777.436,114.587,0,0
777.61,114.655,0,0
777.785,114.606,0,0
777.959,114.57,0,0
778.133,114.561,0,0
778.308,114.444,0,0
778.482,114.437,0,0
778.656,114.407,0,0
778.831,114.437,0,0
779.005,114.408,0,0
779.179,114.385,0,0
779.354,114.381,0,0
779.528,114.463,0,0
779.702,114.622,0,0
779.877,114.776,0,0
780.051,114.937,0,0
780.225,114.964,0,0
780.4,114.966,0,0
780.574,115.012,0,0
780.748,115.044,0,0
780.923,115.135,0,0
781.097,115.206,0,0
781.271,115.335,0,0
781.446,115.438,0,0
781.62,115.508,0,0
781.794,115.487,0,0
781.969,115.426,0,0
782.143,115.37,0,0
782.317,115.306,0,0
782.492,115.273,0,0
782.666,115.439,0,0
782.84,115.661,0,0
783.015,115.896,0,0
783.189,116.048,0,0
783.364,116.14,0,0
783.538,116.189,0,0
783.712,116.256,0,0
783.887,116.263,0,0
784.061,116.179,0,0
784.235,116.01,0,0
784.41,115.841,0,0
784.584,115.725,0,0
784.759,115.697,0,0
784.933,115.743,0,0
785.107,115.73,0,0
785.282,115.643,0,0
785.456,115.617,0,0
785.63,115.522,0,0
785.805,115.289,0,0
785.979,115.007,0,0
786.154,114.883,0,0
786.328,114.826,0,0
786.502,114.977,0,0
786.677,115.299,0,0
786.851,115.67,0,0
787.026,115.89,0,0
787.2,115.956,0,0
787.374,115.985,0,0
787.549,115.908,0,0
787.723,115.787,0,0
787.898,115.668,0,0
788.072,115.442,0,0
788.247,115.25,0,0
788.421,115.258,0,0
788.595,115.36,0,0
788.77,115.561,0,0
788.944,115.718,0,0
789.119,115.807,0,0
789.293,115.775,0,0
789.467,115.764,0,0
789.642,115.771,0,0
789.816,115.778,0,0
789.991,115.78,0,0
790.165,115.867,0,0
790.34,115.957,0,0
790.514,116.037,0,0
790.688,116.142,0,0
790.863,116.214,0,0
791.037,116.267,0,0
791.212,116.297,0,0
791.386,116.372,0,0
791.561,116.45,0,0
791.735,116.513,0,0
791.91,116.568,0,0
792.084,116.624,0,0
792.259,116.686,0,0
792.433,116.826,0,0
792.607,117.012,0,0
792.782,117.111,0,0
792.956,117.098,0,0
793.131,116.947,0,0
793.305,116.793,0,0
793.48,116.734,0,0
793.654,116.773,0,0
793.829,116.815,0,0
794.003,116.905,0,0
794.178,116.779,0,0
794.352,116.621,0,0
794.527,116.418,0,0
794.701,116.296,0,0
794.875,116.263,0,0
795.05,116.329,0,0
795.224,116.498,0,0
795.399,116.601,0,0
795.573,116.639,0,0
795.748,116.646,0,0
795.922,116.623,0,0
796.097,116.623,0,0
796.271,116.602,0,0
796.446,116.544,0,0
796.62,116.443,0,0
796.795,116.454,0,0
796.969,116.496,0,0
797.144,116.51,0,0
797.318,116.591,0,0
797.493,116.743,0,0
797.667,116.911,0,0
797.842,117.087,0,0
798.016,117.235,0,0
798.191,117.415,0,0
798.365,117.523,0,0
798.54,117.643,0,0
798.714,117.704,0,0
798.889,117.761,0,0
799.063,117.799,0,0
799.238,117.795,0,0
799.412,117.779,0,0
799.587,117.64,0,0
799.762,117.516,0,0
799.936,117.401,0,0
800.111,117.314,0,0
800.285,117.255,0,0
800.46,117.134,0,0
800.634,117.112,0,0
800.809,117.139,0,0
800.983,117.287,0,0
801.158,117.385,0,0
801.332,117.448,0,0
801.507,117.543,0,0
801.681,117.609,0,0
801.856,117.658,0,0
802.03,117.684,0,0
802.205,117.721,0,0
802.38,117.793,0,0
802.554,117.818,0,0
802.729,117.773,0,0
802.903,117.715,0,0
803.078,117.645,0,0
803.252,117.452,0,0
803.427,117.191,0,0
803.601,116.908,0,0
803.776,116.641,0,0
803.951,116.444,0,0
804.125,116.284,0,0
804.3,116.115,0,0
804.474,115.971,0,0
804.649,115.905,0,0
804.823,115.968,0,0
804.998,115.976,0,0
805.173,116.051,0,0
805.347,116.169,0,0
805.522,116.268,0,0
805.696,116.376,0,0
805.871,116.477,0,0
806.045,116.57,0,0
806.22,116.628,0,0
806.395,116.772,0,0
806.569,116.858,0,0
806.744,116.84,0,0
806.918,116.803,0,0
807.093,116.768,0,0
807.268,116.705,0,0
807.442,116.627,0,0
807.617,116.546,0,0
807.791,116.466,0,0
807.966,116.425,0,0
808.141,116.378,0,0
808.315,116.326,0,0
808.49,116.258,0,0
808.664,116.261,0,0
808.839,116.256,0,0
809.014,116.244,0,0
809.188,116.217,0,0
809.363,116.305,0,0
809.538,116.427,0,0
809.712,116.528,0,0
809.887,116.692,0,0
810.061,116.833,0,0
810.236,116.869,0,0
810.411,116.78,0,0
810.585,116.746,0,0
810.76,116.638,0,0
810.934,116.636,0,0
811.109,116.773,0,0
811.284,116.957,0,0
811.458,117.165,0,0
811.633,117.402,0,0
811.808,117.592,0,0
811.982,117.689,0,0
812.157,117.761,0,0
812.332,117.827,0,0
812.506,117.868,0,0
812.681,117.908,0,0
812.856,118,0,0
813.03,118.065,0,0
813.205,118.144,0,0
813.379,118.206,0,0
813.554,118.258,0,0
813.729,118.219,0,0
813.903,118.154,0,0
814.078,118.045,0,0
814.253,117.903,0,0
814.427,117.661,0,0
814.602,117.367,0,0
814.777,117.207,0,0
814.951,117.079,0,0
815.126,117.051,0,0
815.301,117.102,0,0
815.475,117.193,0,0
815.65,117.392,0,0
815.825,117.513,0,0
815.999,117.581,0,0
816.174,117.582,0,0
816.349,117.721,0,0
816.524,117.915,0,0
816.698,118.189,0,0
816.873,118.472,0,0
817.048,118.777,0,0
817.222,118.916,0,0
817.397,118.944,0,0
817.572,118.912,0,0
817.746,118.833,0,0
817.921,118.665,0,0
818.096,118.586,0,0
818.27,118.4,0,0
818.445,118.183,0,0
818.62,117.971,0,0
818.795,117.851,0,0
818.969,117.773,0,0
819.144,117.701,0,0
819.319,117.667,0,0
819.493,117.638,0,0
819.668,117.598,0,0
819.843,117.57,0,0
820.018,117.457,0,0
820.192,117.385,0,0
820.367,117.39,0,0
820.542,117.602,0,0
820.716,117.814,0,0
820.891,118.155,0,0
821.066,118.42,0,0
821.241,118.633,0,0
821.415,118.749,0,0
821.59,118.862,0,0
821.765,118.931,0,0
821.939,118.877,0,0
822.114,118.786,0,0
822.289,118.767,0,0
822.464,118.736,0,0
822.638,118.789,0,0
822.813,118.944,0,0
822.988,119.075,0,0
823.163,119.069,0,0
823.337,119.039,0,0
823.512,119.02,0,0
823.687,118.912,0,0
823.862,118.849,0,0
824.036,118.794,0,0
824.211,118.729,0,0
824.386,118.705,0,0
824.561,118.718,0,0
824.735,118.781,0,0
824.91,118.805,0,0
825.085,118.855,0,0
825.26,118.886,0,0
825.435,118.954,0,0
825.609,119.115,0,0
825.784,119.277,0,0
825.959,119.425,0,0
826.134,119.538,0,0
826.308,119.738,0,0
826.483,120.02,0,0
826.658,120.428,0,0
826.833,120.667,0,0
827.008,120.801,0,0
827.182,120.869,0,0
827.357,120.948,0,0
827.532,121.051,0,0
827.707,121.179,0,0
827.881,121.307,0,0
828.056,121.414,0,0
828.231,121.461,0,0
828.406,121.475,0,0
828.581,121.399,0,0
828.755,121.233,0,0
828.93,120.943,0,0
829.105,120.539,0,0
829.28,120.088,0,0
829.455,119.696,0,0
829.629,119.399,0,0
829.804,119.232,0,0
829.979,119.083,0,0
830.154,118.963,0,0
830.329,119.001,0,0
830.503,119.112,0,0
830.678,119.246,0,0
830.853,119.372,0,0
831.028,119.357,0,0
831.203,119.393,0,0
831.378,119.486,0,0
831.552,119.755,0,0
831.727,120.124,0,0
831.902,120.507,0,0
832.077,120.821,0,0
832.252,121.097,0,0
832.427,121.425,0,0
832.601,121.769,0,0
832.776,121.991,0,0
832.951,122.027,0,0
833.126,121.864,0,0
833.301,121.629,0,0
833.476,121.397,0,0
833.65,121.227,0,0
833.825,121.198,0,0
834,121.305,0,0
834.175,121.367,0,0
834.35,121.366,0,0
834.525,121.448,0,0
834.7,121.448,0,0
834.874,121.476,0,0
835.049,121.495,0,0
835.224,121.412,0,0
835.399,121.353,0,0
835.574,121.403,0,0
835.749,121.577,0,0
835.924,121.698,0,0
836.098,121.761,0,0
836.273,121.753,0,0
836.448,121.638,0,0
836.623,121.538,0,0
836.798,121.393,0,0
836.973,121.213,0,0
837.148,121.04,0,0
837.323,120.867,0,0
837.497,120.663,0,0
837.672,120.518,0,0
837.847,120.463,0,0
838.022,120.596,0,0
838.197,120.813,0,0
838.372,120.848,0,0
838.547,120.787,0,0
838.722,120.814,0,0
838.897,120.927,0,0
839.071,121.112,0,0
839.246,121.296,0,0
839.421,121.546,0,0
839.596,121.783,0,0
839.771,122.067,0,0
839.946,122.346,0,0
840.121,122.552,0,0
840.296,122.752,0,0
840.471,122.797,0,0
840.646,122.763,0,0
840.821,122.819,0,0
840.995,122.883,0,0
841.17,122.832,0,0
841.345,122.703,0,0
841.52,122.483,0,0
841.695,122.293,0,0
841.87,122.256,0,0
842.045,122.204,0,0
842.22,122.199,0,0
842.395,122.114,0,0
842.57,121.888,0,0
842.745,121.639,0,0
842.92,121.406,0,0
843.095,121.199,0,0
843.269,120.941,0,0
843.444,120.749,0,0
843.619,120.687,0,0
843.794,120.623,0,0
843.969,120.641,0,0
844.144,120.653,0,0
844.319,120.575,0,0
844.494,120.439,0,0
844.669,120.264,0,0
844.844,120.193,0,0
845.019,120.137,0,0
845.194,120.101,0,0
845.369,120.025,0,0
845.544,120.115,0,0
845.719,120.321,0,0
845.894,120.586,0,0
846.069,120.82,0,0
846.244,121.023,0,0
846.419,121.262,0,0
846.594,121.339,0,0
846.769,121.384,0,0
846.943,121.373,0,0
847.118,121.274,0,0
847.293,121.254,0,0
847.468,121.246,0,0
847.643,121.307,0,0
847.818,121.353,0,0
847.993,121.311,0,0
848.168,121.133,0,0
848.343,121.032,0,0
848.518,120.895,0,0
848.693,120.754,0,0
848.868,120.745,0,0
849.043,120.971,0,0
849.218,121.136,0,0
849.393,121.376,0,0
849.568,121.613,0,0
849.743,121.863,0,0
849.918,122.015,0,0
850.093,122.118,0,0
850.268,122.141,0,0
850.443,122.231,0,0
850.618,122.176,0,0
850.793,122.089,0,0
850.968,122.063,0,0
851.143,122.011,0,0
851.318,121.975,0,0
851.493,122.071,0,0
851.668,122.115,0,0
851.843,122.136,0,0
852.018,122.099,0,0
852.193,122.037,0,0
852.368,121.996,0,0
852.543,121.964,0,0
852.718,121.951,0,0
852.893,121.959,0,0
853.069,122.069,0,0
853.244,122.231,0,0
853.419,122.365,0,0
853.594,122.542,0,0
853.769,122.726,0,0
853.944,122.914,0,0
854.119,123.083,0,0
854.294,123.283,0,0
854.469,123.385,0,0
854.644,123.488,0,0
854.819,123.548,0,0
854.994,123.578,0,0
855.169,123.5,0,0
855.344,123.47,0,0
855.519,123.517,0,0
855.694,123.587,0,0
855.869,123.569,0,0
856.044,123.543,0,0
856.219,123.396,0,0
856.394,123.229,0,0
856.569,123.117,0,0
856.745,122.985,0,0
856.92,122.921,0,0
857.095,122.834,0,0
857.27,122.786,0,0
857.445,122.802,0,0
857.62,122.87,0,0
857.795,123.011,0,0
857.97,123.267,0,0
858.145,123.492,0,0
858.32,123.658,0,0
858.495,123.748,0,0
858.67,123.741,0,0
858.845,123.734,0,0
859.02,123.823,0,0
859.196,123.869,0,0
859.371,123.991,0,0
859.546,124.124,0,0
859.721,124.313,0,0
859.896,124.582,0,0
860.071,124.718,0,0
860.246,124.753,0,0
860.421,124.654,0,0
860.596,124.581,0,0
860.771,124.427,0,0
860.947,124.174,0,0
861.122,123.999,0,0
861.297,123.874,0,0
861.472,123.74,0,0
861.647,123.656,0,0
861.822,123.572,0,0
861.997,123.583,0,0
862.172,123.543,0,0
862.347,123.487,0,0
862.523,123.291,0,0
862.698,123.105,0,0
862.873,123.057,0,0
863.048,123.164,0,0
863.223,123.323,0,0
863.398,123.441,0,0
863.573,123.554,0,0
863.748,123.728,0,0
863.924,123.937,0,0
864.099,124.13,0,0
864.274,124.161,0,0
864.449,124.123,0,0
864.624,124.148,0,0
864.799,124.111,0,0
864.974,123.975,0,0
865.149,123.975,0,0
865.325,124.026,0,0
865.5,124.073,0,0
865.675,124.106,0,0
865.85,124.129,0,0
866.025,124.093,0,0
866.2,124.035,0,0
866.376,123.907,0,0
866.551,123.802,0,0
866.726,123.593,0,0
866.901,123.406,0,0
867.076,123.19,0,0
867.251,122.845,0,0
867.427,122.358,0,0
867.602,122.004,0,0
867.777,121.826,0,0
867.952,121.789,0,0
868.127,121.645,0,0
868.302,121.508,0,0
868.478,121.402,0,0
868.653,121.397,0,0
868.828,121.474,0,0
869.003,121.514,0,0
869.178,121.664,0,0
869.353,121.876,0,0
869.529,122.011,0,0
869.704,122.201,0,0
869.879,122.336,0,0
870.054,122.474,0,0
870.229,122.6,0,0
870.405,122.697,0,0
870.58,122.686,0,0
870.755,122.648,0,0
870.93,122.501,0,0
871.105,122.392,0,0
871.281,122.192,0,0
871.456,121.897,0,0
871.631,121.586,0,0
871.806,121.395,0,0
871.981,121.299,0,0
872.157,121.209,0,0
872.332,121.147,0,0
872.507,121.269,0,0
872.682,121.489,0,0
872.857,121.761,0,0
873.033,121.95,0,0
873.208,122.075,0,0
873.383,122.209,0,0
873.558,122.295,0,0
873.734,122.376,0,0
873.909,122.52,0,0
874.084,122.664,0,0
874.259,122.947,0,0
874.434,123.118,0,0
874.61,123.265,0,0
874.785,123.454,0,0
874.96,123.68,0,0
875.135,123.917,0,0
875.311,124.196,0,0
875.486,124.181,0,0
875.661,124.111,0,0
875.836,124.03,0,0
876.012,123.995,0,0
876.187,123.884,0,0
876.362,123.733,0,0
876.537,123.599,0,0
876.713,123.61,0,0
876.888,123.528,0,0
877.063,123.532,0,0
877.238,123.563,0,0
877.414,123.555,0,0
877.589,123.549,0,0
877.764,123.65,0,0
877.939,123.743,0,0
878.115,123.878,0,0
878.29,124.091,0,0
878.465,124.323,0,0
878.64,124.544,0,0
878.816,124.883,0,0
878.991,125.219,0,0
879.166,125.488,0,0
879.342,125.71,0,0
879.517,125.835,0,0
879.692,125.811,0,0
879.867,125.707,0,0
880.043,125.493,0,0
880.218,125.246,0,0
880.393,124.913,0,0
880.569,124.662,0,0
880.744,124.541,0,0
880.919,124.581,0,0
881.094,124.555,0,0
881.27,124.666,0,0
881.445,124.717,0,0
881.62,124.6,0,0
881.796,124.408,0,0
881.971,124.313,0,0
882.146,124.193,0,0
882.322,124.089,0,0
882.497,124.049,0,0
882.672,124.009,0,0
882.847,124.025,0,0
883.023,124.021,0,0
883.198,123.978,0,0
883.373,123.818,0,0
883.549,123.539,0,0
883.724,123.261,0,0
883.899,123.042,0,0
884.075,122.844,0,0
884.25,122.756,0,0
884.425,122.766,0,0
884.601,122.847,0,0
884.776,123.016,0,0
884.951,123.262,0,0
885.127,123.528,0,0
885.302,123.78,0,0
885.477,124.071,0,0
885.653,124.242,0,0
885.828,124.25,0,0
886.003,124.208,0,0
886.179,124.233,0,0
886.354,124.236,0,0
886.529,124.158,0,0
886.705,124.046,0,0
886.88,123.934,0,0
887.055,123.806,0,0
887.231,123.638,0,0
887.406,123.444,0,0
887.581,123.182,0,0
887.757,122.902,0,0
887.932,122.865,0,0
888.108,122.925,0,0
888.283,123.07,0,0
888.458,123.246,0,0
888.634,123.473,0,0
888.809,123.805,0,0
888.984,124.196,0,0
889.16,124.664,0,0
889.335,125.006,0,0
889.51,125.308,0,0
889.686,125.497,0,0
889.861,125.564,0,0
890.037,125.455,0,0
890.212,125.212,0,0
890.387,124.893,0,0
890.563,124.496,0,0
890.738,124.145,0,0
890.914,123.859,0,0
891.089,123.653,0,0
891.264,123.47,0,0
891.44,123.309,0,0
891.615,123.14,0,0
891.79,122.964,0,0
891.966,122.848,0,0
892.141,122.789,0,0
892.317,122.682,0,0
892.492,122.654,0,0
892.667,122.646,0,0
892.843,122.843,0,0
893.018,123.151,0,0
893.194,123.542,0,0
893.369,123.914,0,0
893.545,124.118,0,0
893.72,124.355,0,0
893.895,124.455,0,0
894.071,124.435,0,0
894.246,124.311,0,0
894.422,124.099,0,0
894.597,124.026,0,0
894.772,124.069,0,0
894.948,124.154,0,0
895.123,124.313,0,0
895.299,124.484,0,0
895.474,124.698,0,0
895.65,124.932,0,0
895.825,125.177,0,0
896,125.401,0,0
896.176,125.609,0,0
896.351,125.58,0,0
896.527,125.566,0,0
896.702,125.652,0,0
896.878,125.727,0,0
897.053,125.925,0,0
897.229,125.987,0,0
897.404,126.043,0,0
897.579,126.11,0,0
897.755,126.033,0,0
897.93,125.901,0,0
898.106,125.636,0,0
898.281,125.357,0,0
898.457,125.111,0,0
898.632,124.852,0,0
898.808,124.712,0,0
898.983,124.517,0,0
899.159,124.328,0,0
899.334,124.297,0,0
899.509,124.309,0,0
899.685,124.392,0,0
899.86,124.491,0,0